user_input,output,flag,username,timestamp
hi,Hello! How can I assist you with real estate investment and negotiation?,,,2023-06-23 21:56:28.140740
hi,Hello! How can I assist you with real estate investment and negotiation?,,,2023-06-23 21:57:23.718958
hi,Hello! How can I assist you with real estate investment and negotiation?,,,2023-06-23 21:57:34.023270
what is cyber:security,"""Cyber:security"" is not a standard term. However, it could be interpreted as referring to ""cybersecurity,"" which is the practice of protecting computer systems, networks, and other digital infrastructure from cyber threats such as hacking, malware, phishing, and ransomware attacks. Cybersecurity measures are put in place to safeguard digital systems, data, and sensitive information from theft, damage, and unauthorized access, ensuring that digital assets remain secure and protected against various types of cyber risks. Cybersecurity is an essential function for any organization that relies on digital technologies, and it plays a critical role in ensuring the integrity, confidentiality, and availability of digital systems and data.",,,2023-06-23 22:53:48.183505
what is cyber:security,"""Cyber:security"" is not a standard term. However, it could be interpreted as referring to ""cybersecurity,"" which is the practice of protecting computer systems, networks, and other digital infrastructure from cyber threats such as hacking, malware, phishing, and ransomware attacks. Cybersecurity measures are put in place to safeguard digital systems, data, and sensitive information from theft, damage, and unauthorized access, ensuring that digital assets remain secure and protected against various types of cyber risks. Cybersecurity is an essential function for any organization that relies on digital technologies, and it plays a critical role in ensuring the integrity, confidentiality, and availability of digital systems and data.",,,2023-06-23 22:53:54.204816
what is cyber:security,"""Cyber:security"" is not a standard term. However, it could be interpreted as referring to ""cybersecurity,"" which is the practice of protecting computer systems, networks, and other digital infrastructure from cyber threats such as hacking, malware, phishing, and ransomware attacks. Cybersecurity measures are put in place to safeguard digital systems, data, and sensitive information from theft, damage, and unauthorized access, ensuring that digital assets remain secure and protected against various types of cyber risks. Cybersecurity is an essential function for any organization that relies on digital technologies, and it plays a critical role in ensuring the integrity, confidentiality, and availability of digital systems and data.",,,2023-06-23 22:53:55.893973
what is cyber:security,"""Cyber:security"" is not a standard term. However, it could be interpreted as referring to ""cybersecurity,"" which is the practice of protecting computer systems, networks, and other digital infrastructure from cyber threats such as hacking, malware, phishing, and ransomware attacks. Cybersecurity measures are put in place to safeguard digital systems, data, and sensitive information from theft, damage, and unauthorized access, ensuring that digital assets remain secure and protected against various types of cyber risks. Cybersecurity is an essential function for any organization that relies on digital technologies, and it plays a critical role in ensuring the integrity, confidentiality, and availability of digital systems and data.",,,2023-06-23 22:53:57.523351
Enabling two-factor authentication for important accounts,"Sure, here's a sample strong password that you can use for your email account:

[A%fk3xnW7#QJb$dM]

This sample password is strong and secure because it contains a mix of uppercase and lowercase letters, numbers, and special characters, and it's also long enough to be difficult to guess. Keep in mind that it's important to use a different password for each of your online accounts to ensure maximum security.",,,2023-06-24 11:40:43.007753
